Entity Information,Initial Filing Date,Status,Entity Type,Formed In,Agent
"""FORENSIC TESTING SERVICES"". (4841189)",01/25/2022,Active,Stock Corporation - Out of State - Stock,MICHIGAN,CHRISTOPHER RAYMOND BOMMARITO
1-HOUR COVID TEST CENTERS INC. (4622544),07/31/2020,Active,Stock Corporation - CA - General,CALIFORNIA,DARRYL ZILBERSTEIN
1ST CIRCUIT MEDICAL COMPANY 'CURE FOR H.I.V. IN THE TUBERCULOSIS INFECTION TOLERANCE TEST' (4588264),05/01/2020,Active,Stock Corporation - CA - General,CALIFORNIA,ATARI ABIA ENDSLEY
1ST SMOG TEST ONLY LLC (202102010196),01/14/2021,Active,Limited Liability Company - CA,CALIFORNIA,
420 PERCENT TESTERS LLC (202103310836),01/28/2021,Active,Limited Liability Company - CA,CALIFORNIA,KIM ABT
"5 STAR TESTING, INC. (4536455)",12/06/2019,Active,Stock Corporation - Out of State - Stock,WASHINGTON,CORPORATION SERVICE COMPANY WHICH WILL DO BUSINESS IN CALIFORNIA AS CSC - LAWYERS INCORPORATING SERVICE
5 STAR WELLNESS TESTING INC (4817281),12/06/2021,Active,Stock Corporation - CA - General,CALIFORNIA,TERRY JOSEPH METOYER
A & G SMOG TEST ONLY (2953955),04/21/2008,Active,Stock Corporation - CA - General,CALIFORNIA,OVSEP DZHIGARSZYAN
"A B & A TEST COMPANY, INC. (1323809)",11/13/1984,Active,Stock Corporation - CA - General,CALIFORNIA,DANIEL VENENCIA
A QUICK SMOG TEST CENTER (2901757),08/16/2006,Active,Stock Corporation - CA - General,CALIFORNIA,INDERPREET KAUR SANDAL
A SMOG TEST ONLY LLC (201622310233),08/04/2016,Active,Limited Liability Company - CA,CALIFORNIA,
"A SMOG TEST ONLY, INC. (2561108)",10/17/2003,Active,Stock Corporation - CA - General,CALIFORNIA,TIFFANY MOORE
A TESTING DIARY INC. (4813719),11/23/2021,Active,Stock Corporation - CA - General,CALIFORNIA,RUMI AOKI
"A&P COMPLIANCE TESTING, INC. (3459390)",03/06/2012,Active,Stock Corporation - CA - General,CALIFORNIA,ALMA GOMEZ-MAGANA
"A-1 TESTING / MAINTENANCE, INC. (2232609)",05/08/2000,Active,Stock Corporation - CA - General,CALIFORNIA,"MOBO REGISTERED AGENT, PC"
AA SMOG TEST ONLY OF WINDSOR (2672924),08/11/2004,Active,Stock Corporation - CA - General,CALIFORNIA,ROBERT LAPREVOTTE
"AAA BACKFLOW DEVICE TESTING, INC. (1798003)",01/21/1997,Active,Stock Corporation - CA - General,CALIFORNIA,CHARLES J DEVLIN
AAAA TEST CO. (4550554),01/27/2020,Active,Stock Corporation - CA - General,CALIFORNIA,BUSINESS FILINGS INCORPORATED WHICH WILL DO BUSINESS IN CALIFORNIA AS DELAWARE BUSINESS FILINGS INCORPORATED
"AABC TESTING & CERTIFICATION, INC. (3529240)",01/15/2013,Active,Stock Corporation - CA - General,CALIFORNIA,DENNIS A MILLER
AARON ZEFF'S BACKFLOW VALVE TESTING COMPANY LLC (202106810130),03/04/2021,Active,Limited Liability Company - CA,CALIFORNIA,AARON G ZEFF SR.
"ABACUS TESTING LABS, INC. (4300833)",07/23/2019,Active,Stock Corporation - CA - General,CALIFORNIA,LYNNE BOLDUC
"ABB TESTING, LLC (201821110607)",07/24/2018,Active,Limited Liability Company - CA,CALIFORNIA,JOHN KELLEHER
A-BLOC INSPECTION & TESTING INC. (3869582),01/28/2016,Active,Stock Corporation - CA - General,CALIFORNIA,"MYCORPORATION BUSINESS SERVICES, INC."
"ABM TEST, INC. (2756084)",07/07/2005,Active,Stock Corporation - CA - General,CALIFORNIA,ROBERT A BOGUSKI JR
ABORTION TESTIMONIALS INC. (4594214),05/13/2020,Active,Nonprofit Corporation - CA - Public Benefit,CALIFORNIA,"LEGALZOOM.COM, INC."
ABSOLUTE AIR TESTING INC. (4645535),09/22/2020,Active,Stock Corporation - CA - General,CALIFORNIA,MOHANED AMIN
ACCU TEST AND BALANCE INC. (4726885),04/01/2021,Active,Stock Corporation - CA - General,CALIFORNIA,HUNG LAU
ACCURATE ANALYTICAL TESTING LLC (201925210450),09/09/2019,Active,Limited Liability Company - Out of State,MICHIGAN,
"ACCURATE CONCRETE MOISTURE TESTING, INC. (3921089)",06/24/2016,Active,Stock Corporation - CA - General,CALIFORNIA,MICHAEL WAYNE BIVINS
"ACCURATE COVID TESTING, LLC (202208410302)",03/17/2022,Active,Limited Liability Company - Out of State,DELAWARE,
"ACCURATE TESTING, INC. (782572)",05/26/1976,Active,Stock Corporation - CA - General,CALIFORNIA,DORAL LOWIS NEELEY
"ACHIEVEMENT POINT TEST SERVICE II, LLC (201117610226)",05/05/2011,Active,Limited Liability Company - CA,CALIFORNIA,ELLOISE BENNETT
"ACHIEVEMENT POINT TEST SERVICE, LLC (201117610225)",05/05/2011,Active,Limited Liability Company - CA,CALIFORNIA,ELLOISE BENNETT
"ACTIVATED CARBON TESTING LABS, INC. (4261584)",04/02/2019,Active,Stock Corporation - CA - General,CALIFORNIA,TOM NASH
"ACTIVISION TESTING & VERIFICATION, INC. (2805722)",10/13/2005,Active,Stock Corporation - CA - General,CALIFORNIA,CORPORATION SERVICE COMPANY WHICH WILL DO BUSINESS IN CALIFORNIA AS CSC - LAWYERS INCORPORATING SERVICE
ADDING THIS ONE TO TEST MY ABILITY TO DELETE IN PRODUCTION (200017800007),05/06/2000,Active,Limited Partnership - CA,CALIFORNIA,LORI FACKENTHALL
ADEPT TESTING LLC (202015010388),05/27/2020,Active,Limited Liability Company - CA,CALIFORNIA,
"ADVANCED ANALYTICAL TESTING SERVICE, INC. (3344981)",12/29/2010,Active,Stock Corporation - CA - General,CALIFORNIA,SHEN QU
"ADVANCED BOTANICAL CONSULTING & TESTING, LLC (202007910002)",04/22/2002,Active,Limited Liability Company - CA,CALIFORNIA,DALE EATHERLY
ADVANCED TEST COLLECTION SERVICES INC. (4831843),01/11/2022,Active,Stock Corporation - CA - General,CALIFORNIA,MIKE RAPOPORT
ADVANCED TEST EQUIPMENT CORPORATION (1321643),10/22/1984,Active,Stock Corporation - CA - General,CALIFORNIA,J BERG
"ADVANCED TEST MANAGEMENT AND CERTIFICATION LABS, INC. (3738936)",01/02/2015,Active,Stock Corporation - CA - General,CALIFORNIA,CHARLES C.H. WU
ADVANCED TEST PRODUCTS (2108257),05/08/1998,Active,Stock Corporation - CA - General,CALIFORNIA,ROBERT BYRNE
"ADVANCED TESTING & INSPECTION, LLC (200701010098)",01/09/2007,Active,Limited Liability Company - CA,CALIFORNIA,MOJTABA TAVAKOLIAN
ADVANCED TESTING SERVICES LLC (202024210127),08/27/2020,Active,Limited Liability Company - CA,CALIFORNIA,CENLIANG YANG
"ADVANCED TESTING TECHNOLOGIES, INC. (3148212)",06/24/2009,Active,Stock Corporation - CA - General,CALIFORNIA,FRED SABATINE
"ADVANTAGE TESTING OF LOS ANGELES, LLC (200804510176)",02/14/2008,Active,Limited Liability Company - CA,CALIFORNIA,
"ADVANTAGE TESTING OF SILICON VALLEY, LLC (200719010188)",07/09/2007,Active,Limited Liability Company - CA,CALIFORNIA,
ADVANTAGE TESTING SERVICE (4710436),03/12/2021,Active,Stock Corporation - CA - General,CALIFORNIA,XING BO LEI
"ADVANTEST TEST SOLUTIONS, INC. (4217474)",12/05/2018,Active,Stock Corporation - Out of State - Stock,DELAWARE,CORPORATION SERVICE COMPANY WHICH WILL DO BUSINESS IN CALIFORNIA AS CSC - LAWYERS INCORPORATING SERVICE
AE SMOG CHECK TEST ONLY (3420363),10/14/2011,Active,Stock Corporation - CA - General,CALIFORNIA,DAT CHIEU BACH
AEHR TEST SYSTEMS (817312),05/25/1977,Active,Stock Corporation - CA - General,CALIFORNIA,KENNETH B. SPINK
AERO TESTING SOLUTIONS LLC (202029610453),10/20/2020,Active,Limited Liability Company - CA,CALIFORNIA,MATTHEW STOLLER
"AFTER HOURS FINGERPRINTING AND DRUG TESTING, LLC (201211210501)",04/09/2012,Active,Limited Liability Company - CA,CALIFORNIA,KRYSTAL ROBERTS
AGAMA TESTING AND INSPECTION LLC (202017410524),06/21/2020,Active,Limited Liability Company - CA,CALIFORNIA,DAVID M AGAMA
"AGORALOGOS TEST PARTNERS, L.P. (200529700013)",10/21/2005,Active,Limited Partnership - Out of State,DELAWARE,DALLAS ROBERT PARKER JR
AGUIAR MILK TESTING INC (3912455),05/27/2016,Active,Stock Corporation - CA - General,CALIFORNIA,CECILIA AGUIAR
"AGUILAR TESTING SERVICE, INC. (4239708)",01/31/2019,Active,Stock Corporation - CA - General,CALIFORNIA,IGNACIO AGUILAR
AIM TESTING LABORATORY (4162216),06/08/2018,Active,Stock Corporation - CA - General,CALIFORNIA,ROBERT VICTOR LAPOINTE
"AIM WIRELESS TEST SOLUTIONS, INC (3318050)",09/08/2010,Active,Stock Corporation - CA - General,CALIFORNIA,PI-CHEN LIN HU
"AIR AMERICA TESTING, INC. (3681627)",06/02/2014,Active,Stock Corporation - CA - General,CALIFORNIA,KIRA LYN CORNELISON
"AIR TEST & BALANCE, INC. (1429882)",02/19/1988,Active,Stock Corporation - CA - General,CALIFORNIA,RICHARD G BERNAL
AIR X TESTING SERVICES (3388581),06/24/2011,Active,Stock Corporation - CA - General,CALIFORNIA,DAVID J WHITCOMB
"AKYUMIN TESTING, LLC (202109510930)",03/30/2021,Active,Limited Liability Company - CA,CALIFORNIA,
"ALCOHOL & DRUG TESTING SERVICES, LLC (201416110177)",06/09/2014,Active,Limited Liability Company - Out of State,NEVADA,KATHLEEN BYKERK
ALL ACCESS TESTING LABS INC. (4675281),01/04/2021,Active,Stock Corporation - CA - General,CALIFORNIA,JAMES W. TANNER
ALL AMERICAN INSPECTION & TESTING LLC (202200311126),12/30/2021,Active,Limited Liability Company - CA,CALIFORNIA,
"ALL AMERICAN SMOG TEST ONLY, INC. (3022518)",08/31/2007,Active,Stock Corporation - CA - General,CALIFORNIA,ROBERT PADILLA
"ALL SOURCE TESTING, INC. (4841930)",02/01/2022,Active,Stock Corporation - CA - General,CALIFORNIA,BUD WEYTHMAN
ALL STAR MOLD TESTING & WATER DAMAGE INC. (4531506),11/18/2019,Active,Stock Corporation - CA - General,CALIFORNIA,TERESA ANN LANE
ALLERGY TEST PARTNERS LLC (202114610248),05/21/2021,Active,Limited Liability Company - CA,CALIFORNIA,HOOTAN ZANDIFAR
"ALLIANCE SOURCE TESTING, LLC (202108110092)",03/05/2021,Active,Limited Liability Company - Out of State,TENNESSEE,
ALLIANCE TEST ENGINEERING CORPORATION (2027886),03/03/1998,Active,Stock Corporation - CA - General,CALIFORNIA,JACQUELINE PEREZ
ALPHA TESTING SERVICES LLC (202203210289),01/30/2022,Active,Limited Liability Company - CA,CALIFORNIA,MICHELLE SAVAGE
"ALPINE TESTING SOLUTIONS, INC. (3636311)",01/10/2014,Active,Stock Corporation - CA - General,CALIFORNIA,SCOTT RUSSELL
ALR ENGINEERING & TESTING (4149130),05/04/2018,Active,Stock Corporation - CA - General,CALIFORNIA,JOHN LONGORIA
"ALS TESTING SERVICES GROUP, INC. (2180409)",10/28/1999,Active,Stock Corporation - CA - General,CALIFORNIA,"NORTHWEST REGISTERED AGENT, INC."
"ALTEC TESTING & ENGINEERING, INC. (1775852)",01/05/1996,Active,Stock Corporation - CA - General,CALIFORNIA,PATRICK SCOTT ADAMS
AMAR TEST ONLY SMOG CENTER INC. (2771758),09/02/2005,Active,Stock Corporation - CA - General,CALIFORNIA,MARVIN LOPEZ
AMERICAN AIR TESTING (2579367),01/14/2004,Active,Stock Corporation - CA - General,CALIFORNIA,LAURA RIERA
AMERICAN ALLIANCE DRUG TESTING (1899191),11/22/1995,Active,Nonprofit Corporation - CA - Public Benefit,CALIFORNIA,BROOKS ELLISON
"AMERICAN COLLEGE TESTING PROGRAM, INC. (731509)",02/25/1975,Active,Nonprofit Corporation - Out of State,IOWA,CORPORATION SERVICE COMPANY WHICH WILL DO BUSINESS IN CALIFORNIA AS CSC - LAWYERS INCORPORATING SERVICE
"AMERICAN ELECTRICAL TESTING CO., LLC (201708910515)",03/30/2017,Active,Limited Liability Company - Out of State,MASSACHUSETTS,
AMERICAN ENGINEERING TESTING INC. (4814261),11/22/2021,Active,Stock Corporation - Out of State - Stock,MINNESOTA,REGISTERED AGENTS INC
AMERICAN ENVIRONMENTAL TESTING LABORATORY LLC (201815010373),05/25/2018,Active,Limited Liability Company - CA,CALIFORNIA,ROMAN VULIS
"AMERICAN ENVIRONMENTAL TESTING LABORATORY, INC. (1486865)",09/04/1990,Active,Stock Corporation - CA - General,CALIFORNIA,ARA BABAIAN
AMERICAN ENVIRONMENTAL TESTING LLC (202001710144),01/02/2020,Active,Limited Liability Company - CA,CALIFORNIA,
American Pole Testing LLC (202250016085),04/20/2022,Active,Limited Liability Company - Out of State,NORTH CAROLINA,REGISTERED AGENTS INC
"AMERICAN RESEARCH AND TESTING, INC. (1119269)",08/02/1982,Active,Stock Corporation - CA - General,CALIFORNIA,"CALIFORNIA CORPORATE AGENTS, INC."
"AMERICAN SEAM TESTER, INC. (1680079)",01/24/1991,Active,Stock Corporation - CA - General,CALIFORNIA,"SLATER COSME, PC."
AMERICAN SMOG TEST ONLY LLC (202200110379),01/01/2022,Active,Limited Liability Company - CA,CALIFORNIA,CHRISTOPHER W LAMBERT
"AMERICAN SOCIETY FOR NONDESTRUCTIVE TESTING - GREATER LOS ANGELES SECTION, INCORPORATED (1428406)",02/01/1988,Active,Nonprofit Corporation - CA - Public Benefit,CALIFORNIA,HECTOR CASTRO
AMERICAN SOIL TESTING (1596162),09/03/1987,Active,Stock Corporation - CA - General,CALIFORNIA,BEHNAM H RAHIMI
AMERICAN SOIL TESTING AND ENGINEERING INC. (4126544),03/07/2018,Active,Stock Corporation - CA - General,CALIFORNIA,ALI MORSHEDIAN
"AMERICAN TANK TESTING, INC. (2368767)",12/04/2001,Active,Stock Corporation - CA - General,CALIFORNIA,RAZVAN RAICU
AMERICAN TESTING LAB INC. (4051179),07/31/2017,Active,Stock Corporation - CA - General,CALIFORNIA,NOUR ABOCHAMA
"AMERICAN TESTING SERVICES, INC. (3448821)",01/27/2012,Active,Stock Corporation - CA - General,CALIFORNIA,ROBERT WADE BERG
"AMERICAN TESTING TECHNOLOGY, INC. (3578963)",06/17/2013,Active,Stock Corporation - CA - General,CALIFORNIA,XIANGYU YU
"AMI ENVIRONMENTAL TESTING, LLC (200536110186)",12/16/2005,Active,Limited Liability Company - CA,CALIFORNIA,WILLIAM MCLEOD
"AMM SEED TESTING, INC. (2938821)",04/12/2004,Active,Stock Corporation - CA - General,CALIFORNIA,CHARLEY STOLL
AMSLER TESTING INC. (1415920),08/20/1987,Active,Stock Corporation - Out of State - Stock,DELAWARE,SVEN NEUMANN
ANACAPA TESTING LABS INC (4021206),05/01/2017,Active,Stock Corporation - CA - General,CALIFORNIA,MARSHA LEE MCINTIRE
ANAHEIM TEST LAB INC. (3561525),04/18/2013,Active,Stock Corporation - CA - General,CALIFORNIA,MICHELLE INCH
"ANALOG TEST AND MEASUREMENT, INC. (3647174)",02/13/2014,Active,Stock Corporation - CA - General,CALIFORNIA,FRANK RUSSOW
"ANALOG TEST ENGINES, INC. (3191881)",03/10/2009,Active,Stock Corporation - CA - General,CALIFORNIA,JEFF KING
ANGELES BACKFLOW TESTING AND SERVICES LLC (202012210324),04/28/2020,Active,Limited Liability Company - CA,CALIFORNIA,
"ANKO ELECTRONICS TEST & MEASUREMENT, INC. (3460969)",03/12/2012,Active,Stock Corporation - CA - General,CALIFORNIA,JAMES E LUND
"ANTI-MALWARE TESTING STANDARDS ORGANIZATION, INC. (3096539)",04/21/2008,Active,Nonprofit Corporation - CA - Mutual Benefit,CALIFORNIA,PAUL J. TAUBER
"AO TEST & REPAIR, LLC (202029510436)",10/19/2020,Active,Limited Liability Company - CA,CALIFORNIA,HECTOR MANUEL GALLO
"AP ENGINEERING AND TESTING, INC. (2024024)",01/02/1998,Active,Stock Corporation - CA - General,CALIFORNIA,APICHART - PHUKUNHAPHAN
AP MAX TEST PREP LLC (202126410159),09/17/2021,Active,Limited Liability Company - CA,CALIFORNIA,NICOLE M WINDMON
AP MEDICAL TESTING LLC (202128410393),10/07/2021,Active,Limited Liability Company - Out of State,WYOMING,
APEX TESTING LABORATORIES (2743072),04/26/2005,Active,Stock Corporation - CA - General,CALIFORNIA,ABDELKADER KHELIFA
"APPARATUS TESTING & ENGINEERING, INC. (1234783)",12/30/1983,Active,Stock Corporation - CA - General,CALIFORNIA,HAROLD H CARR
ARC POWER TESTING LLC (202120910537),07/23/2021,Active,Limited Liability Company - CA,CALIFORNIA,
ARCADIA TEST INC. (3184893),12/31/2008,Active,Stock Corporation - CA - General,CALIFORNIA,VINCENT N NGUYEN
"ARCADIA TEST ONLY CENTER, INC. (2425998)",04/04/2002,Active,Stock Corporation - CA - General,CALIFORNIA,SIMON K ZAHTERIAN
"ARCHITECTURAL TESTING, INC. (1812902)",12/11/1991,Active,Stock Corporation - Out of State - Stock,PENNSYLVANIA,CORPORATION SERVICE COMPANY WHICH WILL DO BUSINESS IN CALIFORNIA AS CSC - LAWYERS INCORPORATING SERVICE
ARROW INSPECTION AND TESTING (2312417),05/15/2001,Active,Stock Corporation - CA - General,CALIFORNIA,CARLEEN C FERNANDEZ
"ARTESIA TEST ONLY CENTER, INC (3285674)",02/25/2010,Active,Stock Corporation - CA - General,CALIFORNIA,DE DANG
"ARTISTS IN CHRISTIAN TESTIMONY INTL, INC. (1059196)",11/06/1981,Active,Nonprofit Corporation - CA - Religious,CALIFORNIA,SARAH ANN BONOMO
A-SAP ENVIRONMENTAL TESTING LLC (202026510066),09/17/2020,Active,Limited Liability Company - CA,CALIFORNIA,
"ASBESTOS CONTROL TESTING, INC. (2097689)",12/14/1998,Active,Stock Corporation - CA - General,CALIFORNIA,THOMAS WAYNE CRONAN
ASBESTOS TESTING & INSPECTIONS INC. (3356246),01/31/2011,Active,Stock Corporation - CA - General,CALIFORNIA,MICHAEL HICKEY
ASBURY TEST & BALANCE LLC (202102510846),01/19/2021,Active,Limited Liability Company - CA,CALIFORNIA,DARYL C IDLER JR
"ASBURY TEST AND BALANCE, INC. (4718664)",04/01/2021,Active,Stock Corporation - CA - General,CALIFORNIA,DARYL C IDLER JR.
"A-SCAN NONDESTRUCTIVE TESTING, INC. (4240096)",02/01/2019,Active,Stock Corporation - CA - General,CALIFORNIA,MICHAEL R COLLINGWOOD
A-SQUARED TESTING LLC (202124410445),09/01/2021,Active,Limited Liability Company - CA,CALIFORNIA,ANDREW DAWAYNE PARADA
ASSET TESTING SOLUTIONS INC. (4640452),09/03/2020,Active,Stock Corporation - CA - General,CALIFORNIA,BRUCE ZAER
ASSOCIATED INSPECTION AND TESTING INC. (2987809),05/03/2007,Active,Stock Corporation - CA - General,CALIFORNIA,LAURA LYDIA LLOYD YODER
ASTRO MECHANICAL TESTING LABORATORY LLC (202011810202),04/22/2020,Active,Limited Liability Company - CA,CALIFORNIA,
ASTRONICS TEST SYSTEMS INC. (3640869),01/27/2014,Active,Stock Corporation - Out of State - Stock,DELAWARE,CORPORATE CREATIONS NETWORK INC.
ATLAS ENVIRONMENTAL TESTING INC (4613089),07/10/2020,Active,Stock Corporation - CA - General,CALIFORNIA,JOSEPH ROTONDO
"ATLAS INSPECTION AND TESTING, LLC (201502610088)",01/21/2015,Active,Limited Liability Company - CA,CALIFORNIA,ROBERT SHIN
"ATLAS TESTING LABORATORIES, INC. (1069527)",03/30/1982,Active,Stock Corporation - CA - General,CALIFORNIA,STEVEN CUEVAS
"AUDIO TEST KITCHEN, INC. (4044759)",07/11/2017,Active,Stock Corporation - Out of State - Stock,DELAWARE,ALEX OANA
"AUTHORIZED TESTING, INC. (894583)",08/10/1978,Active,Stock Corporation - CA - General,CALIFORNIA,DAVID CHARLES FOUNTAIN
"AUTO-EMISSION TEST SYSTEMS, INC. (2032787)",08/13/1997,Active,Stock Corporation - CA - General,CALIFORNIA,DAVID E WILLIAMS
AUTOMATED TEST PROGRAMMING LLC (202003110353),01/19/2020,Active,Limited Liability Company - CA,CALIFORNIA,SHIH-MING CHANG
"AUTOMATED TESTING ASSOCIATES, LTD. (198418300243)",07/01/1984,Active,Limited Partnership - CA,CALIFORNIA,R. A. MCDONALD
"AUTOMATIC SPRINKLER TESTING & INSPECTION SERVICES, INC. (1535143)",06/20/1986,Active,Stock Corporation - CA - General,CALIFORNIA,KARINA OROZCO
AUTOMATIC TEST PREPARATION LLC (201203510407),01/20/2012,Active,Limited Liability Company - CA,CALIFORNIA,JOSHUA LORD
"AUTOMOTIVE TESTING AND DEVELOPMENT SERVICES, INC. (1454776)",01/23/1989,Active,Stock Corporation - CA - General,CALIFORNIA,DEVON SMITH
AVERNA TEST SYSTEMS INC. (3306543),07/01/2010,Active,Stock Corporation - Out of State - Stock,GEORGIA,CORPORATION SERVICE COMPANY WHICH WILL DO BUSINESS IN CALIFORNIA AS CSC - LAWYERS INCORPORATING SERVICE
AVIONICS TEST & ANALYSIS CORPORATION (3273258),01/20/2010,Active,Stock Corporation - Out of State - Stock,NEVADA,CORPORATION SERVICE COMPANY WHICH WILL DO BUSINESS IN CALIFORNIA AS CSC - LAWYERS INCORPORATING SERVICE
"AVL TEST SYSTEMS, INC. (2758572)",07/06/2005,Active,Stock Corporation - Out of State - Stock,DELAWARE,C T CORPORATION SYSTEM
"AXIOM TEST EQUIPMENT, INC. (2592858)",12/20/2005,Active,Stock Corporation - CA - General,CALIFORNIA,GARY F SHILTS
AYS QUICK TEST LLC (202202110585),01/18/2022,Active,Limited Liability Company - CA,CALIFORNIA,ADIR SABAG
"B. HILLEBRANDT SOILS TESTING, INC. (2185178)",01/24/2000,Active,Stock Corporation - CA - General,CALIFORNIA,BRADLEY KARL HILLEBRANDT
B.C.P. TUBE TESTING (198417600216),07/01/1984,Active,Limited Partnership - CA,CALIFORNIA,JOHN W. BRANCH
BAJA TESTING LAB LLC (201523710015),08/24/2015,Active,Limited Liability Company - CA,CALIFORNIA,LILIANA PARRA
BATTLE TESTED B52 INCORPORATED (3926667),07/19/2016,Active,Stock Corporation - CA - General,CALIFORNIA,MICHAEL VERGARA
BATTLE TESTED INC. (4726378),04/19/2021,Active,Stock Corporation - CA - General,CALIFORNIA,MICHAEL MELANO
"BATTLE TESTED KIDS, INC. (4229734)",01/07/2019,Active,Nonprofit Corporation - CA - Public Benefit,CALIFORNIA,NITAROZELLE SIMPSON
BATTLE TESTED SOLUTIONS LLC (201405610351),02/20/2014,Active,Limited Liability Company - CA,CALIFORNIA,GREGORY H SCHNEIDER
BATTLE TESTED WAR READY LLC (202020310350),07/18/2020,Active,Limited Liability Company - CA,CALIFORNIA,CLARENCE NEWTON III
"BATTLE TESTED, LLC (201900910712)",01/04/2019,Active,Limited Liability Company - CA,CALIFORNIA,NITAROZELLE SIMPSON
"BAY AREA TESTING CENTER, LLC (201011710234)",04/23/2010,Active,Limited Liability Company - CA,CALIFORNIA,ANDREW DAI
"BCO SIMPLY SMOG EXPRESS TEST ONLY, INC. (2398382)",05/16/2002,Active,Stock Corporation - CA - General,CALIFORNIA,DAVID BOOTH
"BEARING TEST, INC. (1437441)",05/26/1988,Active,Stock Corporation - CA - General,CALIFORNIA,SUSAN M COLLIER
BEN TIPP TESTAMENTARY-GATEWAY LLC (199815410011),06/03/1998,Active,Limited Liability Company - Out of State,DELAWARE,JAMES G WELLBAUM
BENCH TESTING SERVICES INC. (3271702),01/13/2010,Active,Stock Corporation - CA - General,CALIFORNIA,MILTON THAN RIVERA
"BESS MATERIALS TESTING AND INSPECTION, INC. (2822365)",12/23/2005,Active,Stock Corporation - CA - General,CALIFORNIA,MARTHA BOHORQUEZ
"BESS TESTLAB, INC. (1932310)",04/11/1995,Active,Stock Corporation - CA - General,CALIFORNIA,MARTHA BOHORQUEZ
BESURE TESTING INC. (4792610),09/21/2021,Active,Stock Corporation - Out of State - Stock,NEVADA,ERIC G DUERMEYER
BETTER HEALTH TESTING (4803439),10/24/2021,Active,Stock Corporation - CA - General,CALIFORNIA,BRIAN DOUGLAS GOINS
BEVERLY HILLS TESTING (4810604),11/11/2021,Active,Stock Corporation - CA - General,CALIFORNIA,ARIAN KHALIFIAN
BICOASTAL TESTING LLC (202101111116),01/06/2021,Active,Limited Liability Company - CA,CALIFORNIA,
BICOSTAL LAB TESTING LLC (202202010470),01/17/2022,Active,Limited Liability Company - CA,CALIFORNIA,
"BIG HORN PUMP TESTING, LLC (201306810460)",02/05/2013,Active,Limited Liability Company - CA,CALIFORNIA,RICARDO RAM
"BIO TEST, INC. (4833944)",01/14/2022,Active,Stock Corporation - CA - General,CALIFORNIA,ELIZABETH GYERMAN
"BIOCOMP TESTING, INC. (4004389)",03/15/2017,Active,Stock Corporation - CA - General,CALIFORNIA,KRISHNA KUPUMBATI
"BIOMECHANICAL RESEARCH & TESTING, LLC (202203810108)",01/27/2022,Active,Limited Liability Company - Out of State,DELAWARE,
BIONIQUE TESTING LABORATORIES LLC (202134910203),12/09/2021,Active,Limited Liability Company - Out of State,NEW YORK,
"BIOSCREEN TESTING SERVICES, INC. (1272199)",03/25/1985,Active,Stock Corporation - CA - General,CALIFORNIA,SOHEYL TAHSILDOOST
"BLAIR N TESTA DDS, INC. (4327486)",10/16/2019,Active,Stock Corporation - CA - General,CALIFORNIA,BLAIR N TESTA
BLUEFIN TESTING SOLUTIONS INCORPORATED (4828611),01/04/2022,Active,Stock Corporation - CA - General,CALIFORNIA,DANIEL CHRISTOPHER RAMOS
BLUEPRINT TEST PREPARATION LLC (200501010178),01/10/2005,Active,Limited Liability Company - CA,CALIFORNIA,
"BODY FAT TEST SAN DIEGO, LLC (201824110613)",08/27/2018,Active,Limited Liability Company - CA,CALIFORNIA,JOLEN LAPERNA
"BOSHART AUTOMOTIVE TESTING SERVICES, INC. (2185490)",01/27/2000,Active,Stock Corporation - CA - General,CALIFORNIA,LYNN MAXWELL BOSHART
"BREATH TESTER GROUP, A CALIFORNIA LIMITED PARTNERSHIP (198522700017)",08/15/1985,Active,Limited Partnership - CA,CALIFORNIA,LEONARD W. JAROSZ
"BRIAN TESTO ASSOCIATES, LLC (199802010100)",01/20/1998,Active,Limited Liability Company - CA,CALIFORNIA,BRIAN CHRISTOPHER TESTO
"BRIDGET S. TESTER, D.P.M., INC. (2386385)",12/21/2001,Active,Stock Corporation - CA - General,CALIFORNIA,BRIDGET SUSAN TESTER
"BRIM FIRE ALARM TESTING, INC. (3594055)",08/01/2013,Active,Stock Corporation - CA - General,CALIFORNIA,SCOTT BRIM
BROWN BROTHERS BACKFLOW TESTING INC. (3989232),01/31/2017,Active,Stock Corporation - CA - General,CALIFORNIA,CORPORATION SERVICE COMPANY WHICH WILL DO BUSINESS IN CALIFORNIA AS CSC - LAWYERS INCORPORATING SERVICE
"BTPS TESTING, LLC (201007410337)",03/12/2010,Active,Limited Liability Company - CA,CALIFORNIA,JOY MONDRAGON GILMORE
BUDGET BACKFLOW TESTING & REPAIR LLC (202025210420),09/03/2020,Active,Limited Liability Company - CA,CALIFORNIA,DEBRA BINDER
"BURBANK TEST ONLY, INC. (3507095)",09/14/2012,Active,Stock Corporation - CA - General,CALIFORNIA,ALINA AGHAKHANI
C&H TESTING SERVICE LLC (200932310072),11/12/2009,Active,Limited Liability Company - Out of State,ALASKA,
C&M BACKFLOW TESTING AND REPAIR INC. (3845929),11/25/2015,Active,Stock Corporation - CA - General,CALIFORNIA,BUSINESS FILINGS INCORPORATED WHICH WILL DO BUSINESS IN CALIFORNIA AS DELAWARE BUSINESS FILINGS INCORPORATED
"C.T.S. / CERTIFIED TESTING SPECIALISTS, INC. (3171607)",10/08/2008,Active,Stock Corporation - CA - General,CALIFORNIA,DONALD W. SCHADT
CA INTERACTIVE PRACTICE TEST EXAMS LLC (202200111693),01/01/2022,Active,Limited Liability Company - CA,CALIFORNIA,
CAE AUTOMATION AND TEST LLC (201631510323),11/10/2016,Active,Limited Liability Company - CA,CALIFORNIA,BRADY QUACH
"CAL TEST ELECTRONICS, INC. (1764025)",05/23/1995,Active,Stock Corporation - CA - General,CALIFORNIA,WILLIAM HANSEN
"CAL-ENVIRONMENTAL TESTING, INC. (3444417)",01/30/2012,Active,Stock Corporation - CA - General,CALIFORNIA,JUAN MALDONADO
"CAL-GREEN HERS TESTING, INC (4592289)",05/13/2020,Active,Stock Corporation - CA - General,CALIFORNIA,KRIKOR DERVISHOGLIAN
CALIBRATION AND TESTING CORPORATION (948858),01/02/1980,Active,Stock Corporation - CA - General,CALIFORNIA,"INCORP SERVICES, INC."
"CALIFORNIA AIR DUCT TESTERS, INC. (4059834)",08/28/2017,Active,Stock Corporation - CA - General,CALIFORNIA,CHRYSTAL K ENGLAND
CALIFORNIA CANNABIS TESTING LABS (4104492),01/26/2018,Active,Stock Corporation - CA - General,CALIFORNIA,PARACORP INCORPORATED
CALIFORNIA COUNCIL OF TESTING AND INSPECTION AGENCIES (1893272),06/07/1994,Active,Nonprofit Corporation - CA - Public Benefit,CALIFORNIA,MICHELLE K CRAIG
CALIFORNIA COVID TESTING CENTER LLC (202123110374),08/17/2021,Active,Limited Liability Company - CA,CALIFORNIA,DON LE
CALIFORNIA DOWN AND FEATHER TESTING LABORATORY LLC (202002510033),01/06/2020,Active,Limited Liability Company - CA,CALIFORNIA,GORDON H DAMANT
CALIFORNIA MECHANICAL TESTING (4667206),09/03/2019,Active,Stock Corporation - CA - General,CALIFORNIA,BRITTANY RACHEL SAMALA
CALIFORNIA RAPID COVID TESTING LLC (202023710736),08/20/2020,Active,Limited Liability Company - CA,CALIFORNIA,PETER J FOX PFOXCOMM@GMAIL.COM
"CALIFORNIA TESTING & INSPECTIONS, INC. (3130536)",08/11/2008,Active,Stock Corporation - CA - General,CALIFORNIA,FABIOLA JAQUE-DIAZ
CALIFORNIA TESTOSTERONE CLINIC (4767934),07/20/2021,Active,Stock Corporation - CA - General,CALIFORNIA,PHILIP LIN
"CAMERA TESTER SERVICE, INC. (1261653)",11/05/1984,Active,Stock Corporation - CA - General,CALIFORNIA,CHARLES T. WILLEY
CAREER TEST SITE.COM LLC (201113810130),05/09/2011,Active,Limited Liability Company - CA,CALIFORNIA,
CARLSBAD TEST AND REPAIR LLC (202117610842),06/23/2021,Active,Limited Liability Company - CA,CALIFORNIA,
CASCADE TESTING LLC (202106710537),03/03/2021,Active,Limited Liability Company - CA,CALIFORNIA,
CASH 4 TEST STRIPS LLC (202117310543),06/18/2021,Active,Limited Liability Company - CA,CALIFORNIA,
"CATALYST TEST SERVICE, LLC (201226910319)",09/25/2012,Active,Limited Liability Company - CA,CALIFORNIA,LYNN RIMKUS
"CC TESTING LABS, INC. (4780449)",08/17/2021,Active,Stock Corporation - CA - General,CALIFORNIA,PARACORP INCORPORATED
"CEECON TESTING, INC. (2440659)",06/14/2002,Active,Stock Corporation - CA - General,CALIFORNIA,C MICHAEL CHAPMAN
"CENTRAL CALIFORNIA TESTING, INC. (3558689)",04/04/2013,Active,Stock Corporation - CA - General,CALIFORNIA,LESLI DRENNAN ELLIOTT
"CENTRAL VALLEY TESTING, INC. (1104972)",02/26/1982,Active,Stock Corporation - CA - General,CALIFORNIA,VERONICA MYERS
CERTIFIED & TESTED LLC (202113210234),05/08/2021,Active,Limited Liability Company - CA,CALIFORNIA,NORRIS JONES
"CERTIFIED BACKFLOW ASSEMBLY TESTING, LLC (201305710193)",01/23/2013,Active,Limited Liability Company - CA,CALIFORNIA,DAVID A WILSON
"CERTIFIED LABORATORY TESTING, LTD (4655881)",10/21/2020,Active,Stock Corporation - CA - General,CALIFORNIA,SAMUEL J ELLIOTT
CERTIFIED MEDICAL TESTING INC (4684553),12/15/2020,Active,Stock Corporation - CA - General,CALIFORNIA,PAUL S JAMES
CFM TESTING (4197480),06/10/2018,Active,Stock Corporation - CA - General,CALIFORNIA,"LEGALZOOM.COM, INC."
"CHAMPION CYLINDER TESTING, LLC (201805210041)",02/07/2018,Active,Limited Liability Company - CA,CALIFORNIA,JAMES DANA SHEHAN
CHAPEL OF PEACE HOLINESS CHURCH OF THE OLD AND NEW TESTAMENT (1050515),07/28/1981,Active,Nonprofit Corporation - CA - Religious,CALIFORNIA,LUTHER JAMES SMITH
"CHARLES TESTERMAN GENERAL ENGINEERING, INC (3818561)",08/20/2015,Active,Stock Corporation - CA - General,CALIFORNIA,CHARLES DEAN TESTERMAN
CHARLES TESTING LLC (201719410403),07/10/2017,Active,Limited Liability Company - Out of State,DELAWARE,LESLIE SOBOL
"CHARLIE'S SMOG TEST & REPAIR CENTER, INC. (3489971)",07/20/2012,Active,Stock Corporation - CA - General,CALIFORNIA,CORINNNE P SOTELO
CHAVKIN TEST PREP (3837296),10/26/2015,Active,Stock Corporation - CA - General,CALIFORNIA,JAY L CHAVKIN
"CHRIST NEW TESTAMENT BAPTIST CHURCH OF LOS ANGELES, ""A NON-PROFIT CHARITABLE INCORPORATION"" (567113)",04/10/1969,Active,Nonprofit Corporation - CA - Religious,CALIFORNIA,
CHRIST SANCTIFY NEW TESTAMENT CHURCH (4764123),07/08/2021,Active,Nonprofit Corporation - CA - Religious,CALIFORNIA,PINKY SHYNE
CHRISTIAN TESTIMONY ASSEMBLY OF CULVER CITY (1817568),03/19/1992,Active,Nonprofit Corporation - CA - Religious,CALIFORNIA,LILY KUO
CHUNGHWA PRECISION TEST TECH USA CORPORATION (3307587),07/27/2010,Active,Stock Corporation - CA - General,CALIFORNIA,TA-CHIEN CHANG
CHURCH OF LOS ANGELES OF THE NEW TESTAMENT CHURCH (1386910),09/24/1986,Active,Nonprofit Corporation - CA - Religious,CALIFORNIA,JULIA PI
CHURCH OF THE TESTIMONY OF JESUS CHRIST (4855102),02/26/2022,Active,Nonprofit Corporation - CA - Religious,CALIFORNIA,EVAN AVERY
CITY BACKFLOW TESTER LLC (202118310651),06/30/2021,Active,Limited Liability Company - CA,CALIFORNIA,KENNETH S TATOLA
"CLEAN AIR TESTING, INC. (2778985)",12/19/2005,Active,Stock Corporation - CA - General,CALIFORNIA,DAVID NIEDRICH LOPEZ
CLEAN HEALTH TEST LLC (202032210153),11/13/2020,Active,Limited Liability Company - CA,CALIFORNIA,MICHAEL B WILSON
CLEAN TESTING SERVICES LLC (201228910158),10/10/2012,Active,Limited Liability Company - CA,CALIFORNIA,LEE S HEILIGMAN
CLEAR19 RAPID TESTING LLC (202204111089),02/08/2022,Active,Limited Liability Company - CA,CALIFORNIA,JUSTIN ANH
"CLINICAL TESTING OF BEVERLY HILLS, INC. (3622813)",12/04/2013,Active,Stock Corporation - CA - General,CALIFORNIA,DAVID A LAZAR
CO2 TESTING (4547533),01/01/2020,Active,Stock Corporation - CA - General,CALIFORNIA,GARY PETER JOST
COACHELLA VALLEY MOLD TESTING (4781630),08/25/2021,Active,Stock Corporation - CA - General,CALIFORNIA,STEPHEN NEWELL
"COASTAL DRUG AND ALCOHOL TESTING, INC. (4732744)",04/14/2021,Active,Stock Corporation - CA - General,CALIFORNIA,"LEGALZOOM.COM, INC."
COLUMBIA RESEARCH AND TESTING CORPORATION (581737),10/01/1969,Active,Stock Corporation - CA - General,CALIFORNIA,PAUL G LABONTE
"COMMERCE ANALYTICAL TESTING SERVICES, INC. (4568718)",02/19/2020,Active,Stock Corporation - CA - General,CALIFORNIA,MOHAMMAD R GHODSI
"COMMUNICATIONS TEST DESIGN, INC. (2934272)",11/13/2006,Active,Stock Corporation - Out of State - Stock,PENNSYLVANIA,"REGISTERED AGENT SOLUTIONS, INC."
COMMUNITY TESTING CENTER LLC (201605510286),02/16/2016,Active,Limited Liability Company - CA,CALIFORNIA,MIRIAM ROSENBLUTH
"COMMUNITY TESTING SERVICES, INC. (4836491)",01/19/2022,Active,Stock Corporation - CA - General,CALIFORNIA,RAMZY RAHIB
COMMUNITY TESTING SITES LLC (202201011277),01/06/2022,Active,Limited Liability Company - CA,CALIFORNIA,ILYA FILMUS
COMPA A1 SMOG TEST ONLY LLC (202012210310),04/27/2020,Active,Limited Liability Company - CA,CALIFORNIA,FERNANDO R LAGUNA
"COMPREHENSIVE DRUG TESTING, INC. (1479887)",04/09/1990,Active,Stock Corporation - CA - General,CALIFORNIA,LAURA COX
"COMPREHENSIVE TEST AND BALANCE, INC. (4192774)",09/07/2018,Active,Stock Corporation - Out of State - Stock,PENNSYLVANIA,SAMANTHA SABOL
CONCIERGE COVID TESTING INC. (4618553),07/17/2020,Active,Stock Corporation - CA - General,CALIFORNIA,"LEGALZOOM.COM, INC."
CONEJO COVID TESTING CENTER LLC (202101110158),01/06/2021,Active,Limited Liability Company - CA,CALIFORNIA,KAMBIZ KAMANGAR
"CONSOLIDATED TESTING LABORATORIES, INC. (1589546)",06/24/1987,Active,Stock Corporation - CA - General,CALIFORNIA,DAVID W HARRIS
CONSOLIDATED TESTING SERVICES INC. (2947299),04/25/2007,Active,Stock Corporation - CA - General,CALIFORNIA,"MYCORP PLATINUM SERVICES, INC."
CONSTRUCTION MATERIALS TESTING LABORATORY LLC (201723010372),08/14/2017,Active,Limited Liability Company - CA,CALIFORNIA,
"CONSTRUCTION TESTING AND ENGINEERING, INC. (1559606)",03/01/1989,Active,Stock Corporation - CA - General,CALIFORNIA,CORPORATION SERVICE COMPANY WHICH WILL DO BUSINESS IN CALIFORNIA AS CSC - LAWYERS INCORPORATING SERVICE
"CONSTRUCTION TESTING AND ENGINEERING, SOUTH, INC. (3642638)",01/30/2014,Active,Stock Corporation - CA - General,CALIFORNIA,CORPORATION SERVICE COMPANY WHICH WILL DO BUSINESS IN CALIFORNIA AS CSC - LAWYERS INCORPORATING SERVICE
CONSTRUCTION TESTING SERVICES (1881143),02/04/1994,Active,Stock Corporation - CA - General,CALIFORNIA,JOHN G. DOOLING
"CONSTRUCTION TESTING SERVICES, LLC (201420310113)",07/17/2014,Active,Limited Liability Company - Out of State,NEVADA,JOHN G DOOLING
"CONTRACT MATERIAL TESTING, LLC (201803210047)",01/17/2018,Active,Limited Liability Company - CA,CALIFORNIA,JOHN YOUNG
"CONTROL SYSTEMS TESTING, INC. (3318319)",07/19/2010,Active,Stock Corporation - Out of State - Stock,NEVADA,ZANE ALAN LITTLETON
CONVERSE TESTING WEST (1803298),10/21/1991,Active,Stock Corporation - CA - General,CALIFORNIA,"REGISTERED AGENT SOLUTIONS, INC."
"COOPER TESTING LABS, INC. (1679629)",01/10/1991,Active,Stock Corporation - CA - General,CALIFORNIA,DAVID ROBERT COOPER
CORONADO TEST KITCHEN LLC (201723510333),08/17/2017,Active,Limited Liability Company - Out of State,ARIZONA,
CORONAVIRUS QUICK TEST LLC (202014310235),05/20/2020,Active,Limited Liability Company - CA,CALIFORNIA,
CORTEK TEST SOLUTIONS LLC (201314310282),05/15/2013,Active,Limited Liability Company - CA,CALIFORNIA,KATHERINE HOMAN
"COUNTRYWIDE TESTING,INC. (4585510)",04/10/2020,Active,Stock Corporation - CA - General,CALIFORNIA,TUAN HUNG PHAM
COVID HEALTH & TESTING LLC (202021910874),08/04/2020,Active,Limited Liability Company - CA,CALIFORNIA,
"COVID TEST CENTER, INC. (4635124)",09/02/2020,Active,Stock Corporation - CA - General,CALIFORNIA,"WESTWOOD CAPITAL, INC."
COVID TEST COURIER INC. (4834144),01/13/2022,Active,Stock Corporation - CA - General,CALIFORNIA,CHARLES LEE
COVID TESTERS INC. (4835060),01/17/2022,Active,Stock Corporation - CA - General,CALIFORNIA,ARIN BABAKHANLOU
COVID TESTING ASSIST (4814422),11/29/2021,Active,Stock Corporation - CA - General,CALIFORNIA,"NORTHWEST REGISTERED AGENT, INC."
"COVID TESTING LABS, LLC (202104310560)",02/09/2021,Active,Limited Liability Company - CA,CALIFORNIA,
COVID TESTING LACIENEGA LLC (202103510867),01/11/2021,Active,Limited Liability Company - Out of State,DELAWARE,MIKE AZEROUAL
COVID TESTING NOW LLC (202104210318),01/15/2021,Active,Limited Liability Company - CA,CALIFORNIA,AVRAHAM FINCK
COVID TESTING UNIT LLC (202203110353),01/27/2022,Active,Limited Liability Company - CA,CALIFORNIA,JOHN SMITH III
"COVID-19 TESTING CENTERS , INC (4622124)",07/29/2020,Active,Stock Corporation - CA - General,CALIFORNIA,MARCOS ALFREDO BELTRAN
CRAIG EVANS PUMP TESTING SERVICE INC. (4826062),12/30/2021,Active,Stock Corporation - CA - General,CALIFORNIA,BRENDAN P. BREWER
CREATIVE TESTING INC. (4851910),02/17/2022,Active,Stock Corporation - Out of State - Stock,DELAWARE,REGISTERED AGENTS INC
CREATIVE TESTING SOLUTIONS (3993372),02/14/2017,Active,Nonprofit Corporation - Out of State,ARIZONA,"NATIONAL REGISTERED AGENTS, INC."
"CRYSTAL CLEAR TESTIMONY MINISTRY, INC. (4553014)",01/13/2020,Active,Nonprofit Corporation - CA - Religious,CALIFORNIA,OLAOLUWA SOLADEMI
CRYSTAL CLEAR TESTING (4791629),09/22/2021,Active,Stock Corporation - CA - General,CALIFORNIA,MELODY ZIKO
CSA AMERICA TESTING & CERTIFICATION LLC (201831710311),11/13/2018,Active,Limited Liability Company - Out of State,DELAWARE,
"CUPERTINO TESTING ACADEMY, INC. (2735874)",03/22/2005,Active,Stock Corporation - CA - General,CALIFORNIA,JULIAN CHOU
"CUTTING EDGE TESTING, LLC (201218510357)",06/28/2012,Active,Limited Liability Company - CA,CALIFORNIA,
"CYLINDER TESTING SOLUTIONS, LLC (201807810355)",03/01/2018,Active,Limited Liability Company - Out of State,COLORADO,
D O T EMPIRE DRUG TESTING INC (4664945),11/18/2020,Active,Stock Corporation - CA - General,CALIFORNIA,JASDEEP DHALIWAL
"DANNYS AIR DUCT TESTING, INC. (3813809)",08/05/2015,Active,Stock Corporation - CA - General,CALIFORNIA,DANIEL MAEZ
DANNY'S TEST ONLY SMOG CHECK LLC (201915410479),05/29/2019,Active,Limited Liability Company - CA,CALIFORNIA,
"DANNY'S TEST ONLY, INC. (4233778)",01/16/2019,Active,Stock Corporation - CA - General,CALIFORNIA,DANIEL A ESPINOZA ENRRIQUEZ
DANTES TESTPREP LLC (200900910047),01/08/2009,Active,Limited Liability Company - CA,CALIFORNIA,ANDREW WILLIAMS
"DAVE'S PRESSURE TESTING, INC. (3487891)",06/27/2012,Active,Stock Corporation - CA - General,CALIFORNIA,DAVID J FERGUSON
"DCS TESTING & EQUIPMENT, INC. (1778304)",02/13/1996,Active,Stock Corporation - CA - General,CALIFORNIA,STEVE JAY WARD
"DECISIVE TESTING, INC. (504243)",02/08/1966,Active,Stock Corporation - CA - General,CALIFORNIA,MICHAEL MAY
"DEL TESTA FARMS, INC. (463388)",01/02/1964,Active,Stock Corporation - CA - General,CALIFORNIA,FRANCIS JOSEPH DEL TESTA
"DEL TESTA HARVESTING, INC. (688892)",09/07/1973,Active,Stock Corporation - CA - General,CALIFORNIA,FRANCIS JOSEPH DEL TESTA
DELTA TEST LLC (202136110308),12/23/2021,Active,Limited Liability Company - CA,CALIFORNIA,
DENTAL TEST PREP LLC (201920610328),07/23/2019,Active,Limited Liability Company - CA,CALIFORNIA,NAMRATA NAYYAR ENCHPREP@GMAIL.COM
DESIGN AND TEST LAB (3851280),12/19/2015,Active,Stock Corporation - CA - General,CALIFORNIA,OLEKSANDR YEGOROV
DESIGN VERIFICATION TESTING LABORATORIES (1880511),12/31/1993,Active,Stock Corporation - CA - General,CALIFORNIA,OUSSAMA DARGHOUS
"DICKSON TESTING CO., INC. (680712)",05/14/1973,Active,Stock Corporation - CA - General,CALIFORNIA,"NATIONAL REGISTERED AGENTS, INC."
DINASTIA DUCT TESTING LLC (202200310115),01/02/2022,Active,Limited Liability Company - CA,CALIFORNIA,PETER GOMEZ
DISCOUNT SMOG STAR TEST ONLY INC. (3936995),08/16/2016,Active,Stock Corporation - CA - General,CALIFORNIA,AYSAR HELO
DITECH TESTING USA LLC (201933610522),11/21/2019,Active,Limited Liability Company - Out of State,DELAWARE,
"DIVERSIFIED INSPECTIONS/INDEPENDENT TESTING LABORATORIES, INC. (2174552)",08/19/1999,Active,Stock Corporation - Out of State - Stock,ARIZONA,CORPORATION SERVICE COMPANY WHICH WILL DO BUSINESS IN CALIFORNIA AS CSC - LAWYERS INCORPORATING SERVICE
"DONALD P. DEL TESTA, D.D.S., INC. (768370)",04/26/1976,Active,Stock Corporation - CA - General,CALIFORNIA,DONALD P DEL TESTA
DONT TEST EM LLC (202203811359),02/04/2022,Active,Limited Liability Company - CA,CALIFORNIA,JUAN CHAVEZ
"DOS TESTAMENTOS EN EL DESIERTO, INC. (2429162)",07/03/2002,Active,Nonprofit Corporation - CA - Religious,CALIFORNIA,MARTHA A FIRTH
"DR. MICHAEL GOULD, PSYCHOLOGICAL TESTING, CONSULTATION AND EVALUATION, APC (3592552)",07/31/2013,Active,Stock Corporation - CA - Professional,CALIFORNIA,MICHAEL GOULD
DREGLO CANNABIS TESTING LABORATORY (4851803),02/23/2022,Active,Stock Corporation - CA - General,CALIFORNIA,JILLIAN LISA XAVIER
"DRI ADVANCED TEST SYSTEMS, INC. (3990745)",02/14/2017,Active,Stock Corporation - Out of State - Stock,DELAWARE,ALEX BRUNO
"DRUG & ALCOHOL TESTING, INC. (3503769)",08/30/2012,Active,Stock Corporation - CA - General,CALIFORNIA,HERMAN H PETTEGROVE
"DRUG TESTING NETWORK, INC. (2021194)",11/12/1997,Active,Stock Corporation - CA - General,CALIFORNIA,RUSSELL M DEPHILLPS
DRUG TESTING USA INC. (3388831),04/18/2011,Active,Stock Corporation - Out of State - Stock,NEVADA,KAMELIA YADEGARI
"DYNAMIC TEST SOLUTIONS AMERICA, INC. (3888757)",03/22/2016,Active,Stock Corporation - Out of State - Stock,DELAWARE,TODD MASON SCHNACK
DYNAMIC TESTING SERVICES LLC (202133610090),11/30/2021,Active,Limited Liability Company - CA,CALIFORNIA,KORINA BEJARANO
"E & S DUCT TESTING, LLC (201625010397)",08/29/2016,Active,Limited Liability Company - CA,CALIFORNIA,ELIO C ADAME
"E TESTMENT, LLC (201115710183)",05/24/2011,Active,Limited Liability Company - CA,CALIFORNIA,JERROLD ARMOND SMESTAD
EAGLE ROCK TEST ONLY SMOG STATION LLC (202131310129),11/05/2021,Active,Limited Liability Company - CA,CALIFORNIA,
"EAGLE SMOG CHECK TEST ONLY, INC. (3423933)",11/10/2011,Active,Stock Corporation - CA - General,CALIFORNIA,RAFIK SHANAZARI
"EAGLE TEST SYSTEMS, INC. (2857146)",02/28/2006,Active,Stock Corporation - Out of State - Stock,DELAWARE,UNITED AGENT GROUP INC.
"EARTH LABS TESTING, LLC (202017110697)",06/18/2020,Active,Limited Liability Company - CA,CALIFORNIA,SATISH DASH
EASY SMOG TEST ONLY STATION INC (4277032),05/13/2019,Active,Stock Corporation - CA - General,CALIFORNIA,JOHN LE
EAZY TESTING (4627561),08/13/2020,Active,Stock Corporation - CA - General,CALIFORNIA,ALBERT ELHIANI
"EDUCATIONAL TEST PREP, LLC (201230510197)",10/25/2012,Active,Limited Liability Company - CA,CALIFORNIA,SUSAN SLOTNICK
"EDUCATIONAL TESTING AND ASSESSMENT, INC. (2675705)",08/30/2004,Active,Stock Corporation - CA - General,CALIFORNIA,CHRIS DAVIDSON
EDUCATIONAL TESTING SERVICE (227998),06/04/1948,Active,Nonprofit Corporation - Out of State,NEW YORK,CORPORATION SERVICE COMPANY WHICH WILL DO BUSINESS IN CALIFORNIA AS CSC - LAWYERS INCORPORATING SERVICE
EE TESTING CENTER (4544052),12/23/2019,Active,Nonprofit Corporation - CA - Public Benefit,CALIFORNIA,"NORTHWEST REGISTERED AGENT, INC."
EL TABERNACULO DEL TESTIMONIO INC. (2838238),06/29/2006,Active,Nonprofit Corporation - CA - Religious,CALIFORNIA,LILIAN RIVERA
"ELECTRICAL TEST INSTRUMENTS, LLC (201819910466)",07/18/2018,Active,Limited Liability Company - Out of State,DELAWARE,
"ELECTRICAL TESTING & MAINTENANCE SERVICES, INC. (2637185)",04/08/2004,Active,Stock Corporation - CA - General,CALIFORNIA,JOHN SCIRANKA
ELECTRO MAGNETIC TEST INC. (1782977),05/01/1996,Active,Stock Corporation - CA - General,CALIFORNIA,JAY GANDHI
"ELEVATOR LOAD TEST, INC. (2433978)",04/29/2003,Active,Stock Corporation - Out of State - Stock,NEVADA,ANN TARDY
ELITE TESTING CA LLC (202132210777),11/16/2021,Active,Limited Liability Company - CA,CALIFORNIA,SYED M BILGRAMI
ELITE TESTING LLC (202027010147),09/24/2020,Active,Limited Liability Company - CA,CALIFORNIA,YELENA ELBAUM
"EMBRY MEDICAL TESTING AND VACCINE SERVICES OF CALIFORNIA, PC (4848782)",02/11/2022,Active,Stock Corporation - CA - Professional,CALIFORNIA,"NATIONAL REGISTERED AGENTS, INC."
"EMISSION TEST CENTERS, INC. (3249568)",08/17/2010,Active,Stock Corporation - CA - General,CALIFORNIA,SPENCER G BROD
"EMISSIONS TEST AND REPAIR, INC (4164725)",06/15/2018,Active,Stock Corporation - CA - General,CALIFORNIA,JULIET BARRAZA
"EMISSIONS TESTING LABORATORIES-NORCAL ""A CALIFORNIA LIMITED PARTNERSHIP"" (198501700065)",01/17/1985,Active,Limited Partnership - CA,CALIFORNIA,GEORGE GOODRICH
ENGINEERING & TESTING SERVICES HOLDINGS CORPORATION (4132160),04/03/2018,Active,Stock Corporation - Out of State - Stock,DELAWARE,PARACORP INCORPORATED
ENGINEERING DESIGN & TESTING CORP. (2156561),02/16/1999,Active,Stock Corporation - Out of State - Stock,SOUTH CAROLINA,REGISTERED AGENTS INC
"ENGINEERS TESTING LABORATORIES, INC. (1250149)",06/22/1984,Active,Stock Corporation - Out of State - Stock,ARIZONA,C T CORPORATION SYSTEM
ENGLISH LANGUAGE TESTING SOCIETY (4320798),09/24/2019,Active,Nonprofit Corporation - CA - Mutual Benefit,CALIFORNIA,PERRY AKINS
"ENVIRONMENTAL SERVICES & TESTING, INC. (2261157)",09/11/2000,Active,Stock Corporation - CA - General,CALIFORNIA,JASON A ANTHONY
"ENVIRONMENTAL TESTING & TECHNOLOGY, INC. (2281367)",03/01/2001,Active,Stock Corporation - CA - General,CALIFORNIA,ANDREW M JORDAN
"ENVIRONMENTAL TESTING SOLUTIONS, LLC (201428310093)",10/08/2014,Active,Limited Liability Company - CA,CALIFORNIA,
"ENVISION MEDICAL GAS TESTING, INC. (2838427)",06/30/2006,Active,Stock Corporation - CA - General,CALIFORNIA,CRISTINA MCDORMAN
EPHESIANS NEW TESTAMENT CHURCH (1631179),12/20/1988,Active,Nonprofit Corporation - CA - Religious,CALIFORNIA,EMORY B. JAMES
ESSENTIAL RAPID COVID TESTING LLC (202202410197),01/19/2022,Active,Limited Liability Company - CA,CALIFORNIA,JAMESHIA ELLIS
ESSENTIAL TEST PREP LLC (201931810516),11/10/2019,Active,Limited Liability Company - CA,CALIFORNIA,JOSHUA GRASMICK
"E-TECH TESTING SERVICES, LLC (202207510337)",03/07/2022,Active,Limited Liability Company - Out of State,DELAWARE,
"EUROFINS BOTANICAL TESTING US, INC. (4171098)",07/03/2018,Active,Stock Corporation - Out of State - Stock,DELAWARE,COGENCY GLOBAL INC.
"EUROFINS DONOR & PRODUCT TESTING, INC. (4089499)",12/11/2017,Active,Stock Corporation - Out of State - Stock,DELAWARE,COGENCY GLOBAL INC.
"EUROFINS ELECTRICAL AND ELECTRONIC TESTING NA, INC. (2119710)",09/08/1998,Active,Stock Corporation - Out of State - Stock,MARYLAND,COGENCY GLOBAL INC.
"EUROFINS ENVIRONMENT TESTING AMERICA HOLDINGS, INC. (4751471)",06/07/2021,Active,Stock Corporation - Out of State - Stock,DELAWARE,COGENCY GLOBAL INC.
"EUROFINS ENVIRONMENT TESTING NORTHERN CALIFORNIA, LLC (201736210400)",12/28/2017,Active,Limited Liability Company - Out of State,DELAWARE,
"EUROFINS ENVIRONMENT TESTING NORTHWEST, LLC (201905110713)",02/12/2019,Active,Limited Liability Company - Out of State,DELAWARE,
"EUROFINS ENVIRONMENT TESTING SOUTHWEST, LLC (201736210394)",12/28/2017,Active,Limited Liability Company - Out of State,DELAWARE,
"EUROFINS EPK BUILT ENVIRONMENT TESTING, LLC (201009210021)",04/01/2010,Active,Limited Liability Company - Out of State,DELAWARE,
"EUROFINS LANCASTER LABORATORIES ENVIRONMENT TESTING, LLC (201318410089)",06/28/2013,Active,Limited Liability Company - Out of State,DELAWARE,
"EUROFINS NDSC ENVIRONMENT TESTING AMERICAS, INC. (4567488)",02/28/2020,Active,Stock Corporation - Out of State - Stock,DELAWARE,COGENCY GLOBAL INC.
EUROFINS PRODUCT TESTING US INC. (3770129),03/24/2015,Active,Stock Corporation - Out of State - Stock,DELAWARE,COGENCY GLOBAL INC.
EVANS PUMP TESTING SERVICE LLC (202136210043),12/24/2021,Active,Limited Liability Company - CA,CALIFORNIA,BRENDAN P. BREWER
EVENT TESTING SOLUTIONS LLC (202202210588),01/19/2022,Active,Limited Liability Company - CA,CALIFORNIA,
"EVERGREEN EDUCATIONAL TESTING SERVICES, INC. (3515963)",10/24/2012,Active,Stock Corporation - CA - General,CALIFORNIA,JULIAN CHOU
EXCEL TEST PREP. (2537387),05/29/2003,Active,Stock Corporation - CA - General,CALIFORNIA,NITESH SINGH
"EXPEDITE DUCT TESTING, LLC (201605710405)",02/22/2016,Active,Limited Liability Company - CA,CALIFORNIA,
EXPERIMENTAL FLIGHT TEST SOLUTIONS LLC (202019810574),07/10/2020,Active,Limited Liability Company - Out of State,WASHINGTON,RYAN OLSON
"EXPERT SMOG TEST ONLY, INC. (3426200)",11/22/2011,Active,Stock Corporation - CA - General,CALIFORNIA,TOMAS DANEHIAN
EXPRESS AIR TESTING INC. (3738195),12/31/2014,Active,Stock Corporation - CA - General,CALIFORNIA,DAN LUGOJANU
EXPRESS COVID TESTING LLC (202102810234),01/24/2021,Active,Limited Liability Company - CA,CALIFORNIA,OPHIR PORAT
EXTREME ENVIRONMENTAL TESTING LLC (202110411243),04/12/2021,Active,Limited Liability Company - CA,CALIFORNIA,JOSEF COWAN
EZ H.E.R.S. TESTING CORPORATION (4589237),05/05/2020,Active,Stock Corporation - CA - General,CALIFORNIA,EZEQUIEL MORENO
"EZ TESTING CENTER, LLC (202129310641)",10/15/2021,Active,Limited Liability Company - CA,CALIFORNIA,
"F3 AUTOMOTIVE TEST FIT LABS, INC. (3450750)",03/15/2012,Active,Stock Corporation - CA - General,CALIFORNIA,ROBERT COTE
FAILSAFE TESTING LLC (201815110772),05/29/2018,Active,Limited Liability Company - CA,CALIFORNIA,JUSTIN HILL
FAIRMOUNT SMOG TEST ONLY (2296865),06/24/2003,Active,Stock Corporation - CA - General,CALIFORNIA,TONY VAN NGUYEN
FALCON ELECTRICAL TESTING (4663825),11/13/2020,Active,Stock Corporation - CA - General,CALIFORNIA,SHAWN IZADIYAR
Falcon Test Inc. (5051816),04/29/2022,Active,Name Reservation,CALIFORNIA,NO AGENT
FAST PASS TEST ONLY LLC (202022411034),08/10/2020,Active,Limited Liability Company - CA,CALIFORNIA,JESUS MANUEL ESQUEDA JR
"FAST RESPONSE ON-SITE TESTING, INC. (2006945)",04/01/1997,Active,Stock Corporation - CA - General,CALIFORNIA,CASEY TERRIBILINI
FAST TESTING INC (4829803),01/06/2022,Active,Stock Corporation - CA - General,CALIFORNIA,"BIZ FRIEND, INC"
"FENESTRATION TESTING LABORATORIES, INC. (1913359)",09/12/1994,Active,Stock Corporation - CA - General,CALIFORNIA,MICHEL CRUZ
"FINAL TEST HOME INSPECTION, LLC (202204310719)",02/10/2022,Active,Limited Liability Company - CA,CALIFORNIA,
"FINAL TEST SOLUTIONS, INC. (2723062)",01/10/2005,Active,Stock Corporation - CA - General,CALIFORNIA,MINH NGUYEN
"FINAL TEST, INC. (3793922)",06/02/2015,Active,Stock Corporation - CA - General,CALIFORNIA,VERONICA ROMERO
"FIRE INSTRUCTOR TESTING SOFTWARE, L.L.C. (199918310018)",06/28/1999,Active,Limited Liability Company - CA,CALIFORNIA,MATTHEW D. MULDOON
"FIRE PUMP TESTING & SALES, INC. (2094399)",10/01/1998,Active,Stock Corporation - CA - General,CALIFORNIA,KENNETH R PEARCE
FIREFIGHTER CANDIDATE TESTING CENTER (3666827),04/15/2014,Active,Stock Corporation - CA - General,CALIFORNIA,YVONNE DE LA PENA
FIRST CHOICE DRUG TESTING LLC (202113710802),05/12/2021,Active,Limited Liability Company - CA,CALIFORNIA,ESTELLA RIVERA
"FLIGHT TEST AEROSPACE, INC. (3671372)",04/29/2014,Active,Stock Corporation - Out of State - Stock,DELAWARE,STEPHEN ALAN O'BRIEN
FLIGHT TEST HISTORICAL FOUNDATION (1146729),07/11/1983,Active,Nonprofit Corporation - CA - Public Benefit,CALIFORNIA,WANDA KILLIAN
"FOCUS & TESTING, INC. (1919853)",01/03/1995,Active,Stock Corporation - CA - General,CALIFORNIA,WILLIAM BILKISS
FOOD TESTING KITCHEN LLC (202200710739),01/05/2022,Active,Limited Liability Company - CA,CALIFORNIA,HAN TEK YONG
"FOOTHILL SMOG TEST ONLY, INC. (3127911)",08/20/2008,Active,Stock Corporation - CA - General,CALIFORNIA,KYUNG IM LEE
FORENSIC DRUG TESTING SERVICES (3768942),03/20/2015,Active,Stock Corporation - CA - General,CALIFORNIA,KEVIN VICENTE ODENBAUGH
FORMA INSPECTIONS & TESTING INC. (4644921),09/23/2020,Active,Stock Corporation - CA - General,CALIFORNIA,"LEGALINC REGISTERED AGENTS, INC."
"FOSTER ASSESSMENT CENTER AND TESTING SERVICES, INC. (2399475)",05/31/2002,Active,Stock Corporation - CA - General,CALIFORNIA,ANDREA FOSTER
"FOUNTAIN VALLEY TESTING SERVICES, INC. (3067572)",11/02/2007,Active,Stock Corporation - CA - General,CALIFORNIA,JULIAN CHOU
"FREMONT TESTING SERVICES, INC. (2983340)",03/13/2007,Active,Stock Corporation - CA - General,CALIFORNIA,JULIAN CHOU
"FRESH TEST, LLC (201626310385)",09/14/2016,Active,Limited Liability Company - CA,CALIFORNIA,
G AND G SMOG TEST CENTER (2405570),02/15/2002,Active,Stock Corporation - CA - General,CALIFORNIA,GREGORY GEORGE LAPLANTE
G MEDICAL TESTS AND SERVICES INC. (4818510),12/07/2021,Active,Stock Corporation - Out of State - Stock,DELAWARE,"NORTHWEST REGISTERED AGENT, INC."
GATEWAY TEST PREP LLC (201832810188),11/20/2018,Active,Limited Liability Company - CA,CALIFORNIA,JOHN PATRICK NIEMAN
GED TESTING SERVICE LLC (201301610071),01/16/2013,Active,Limited Liability Company - Out of State,DELAWARE,
"GENERAL AVIATION TEST EQUIPMENT, INC. (2293890)",01/24/2003,Active,Stock Corporation - CA - General,CALIFORNIA,KENNETH FAINBERG
"GENERATIONS BACKFLOW TESTING, LLC (201527310241)",09/28/2015,Active,Limited Liability Company - CA,CALIFORNIA,ORVILLE EUGENE SPEARS
GENESIS TESTING LLC (202127810199),10/03/2021,Active,Limited Liability Company - CA,CALIFORNIA,PAUL HILLSON
"GENESYS TESTWARE, INC. (1952067)",11/01/1995,Active,Stock Corporation - CA - General,CALIFORNIA,BEJOY GEORGE OOMMAN
GENETIC TESTING LABORATORY LLC (202106010452),07/07/2015,Active,Limited Liability Company - CA,CALIFORNIA,
GENOMIC TESTING COOPERATIVE LCA (4169743),06/29/2018,Active,Stock Corporation - Out of State - Stock,COLORADO,MAHER ALBITAR
"GEOMAT TESTING LABORATORIES, INC. (2808914)",10/17/2005,Active,Stock Corporation - CA - General,CALIFORNIA,HAYTHAM MAHMOOD ALNABILSI
GET TESTED CA LLC (202128010124),10/05/2021,Active,Limited Liability Company - CA,CALIFORNIA,ARIEL MOSSAZADEH
"GIOVANNI TESTI, INC. (3928258)",07/18/2016,Active,Stock Corporation - CA - General,CALIFORNIA,HAMID R VAGHAR
GLOBAL PASS RAPID TESTING LLC (202102211419),01/18/2021,Active,Limited Liability Company - CA,CALIFORNIA,MICHAEL BRANG
GLOBAL TEST SOLUTIONS LLC (200122810019),08/09/2001,Active,Limited Liability Company - CA,CALIFORNIA,ARLENE F MEADOWS
"GLOBAL TEST SUPPLY, LLC (202201210473)",01/01/2022,Active,Limited Liability Company - Out of State,DELAWARE,
GLOBAL VARIANT TESTING CO LLC (202203310334),01/31/2022,Active,Limited Liability Company - CA,CALIFORNIA,
GNANUA TEST ONLY (3403533),08/24/2011,Active,Stock Corporation - CA - General,CALIFORNIA,GURVINDER SINGH
GO LAB TESTING LLC (202203110469),01/28/2022,Active,Limited Liability Company - CA,CALIFORNIA,PORSHIA MURRAY
GOLD COUNTRY RADON TESTING LLC (202114410351),05/19/2021,Active,Limited Liability Company - CA,CALIFORNIA,MATTHEW SCOTT KELLY
"GOLDEN GATE SECTION OF THE AMERICAN SOCIETY FOR NONDESTRUCTIVE TESTING, INC. (3528564)",12/14/2012,Active,Nonprofit Corporation - CA - Mutual Benefit,CALIFORNIA,DAVID ARMS
GOLDEN GATE SMOG TEST ONLY (2793643),11/09/2006,Active,Stock Corporation - CA - General,CALIFORNIA,ZIQIANG HE
"GORDON SMOG TEST & REPAIR CENTER, INC. (3568152)",05/09/2013,Active,Stock Corporation - CA - General,CALIFORNIA,GORDON CHEN
GRACE INSPECTION AND TESTING INC. (4656823),10/22/2020,Active,Stock Corporation - CA - General,CALIFORNIA,WAHBA ISAAC
"GREATER NEW TESTAMENT CATHEDRAL, INC. (551510)",08/19/1968,Active,Nonprofit Corporation - CA - Religious,CALIFORNIA,VICTORIA MARIE DOOLITTLE
GREEN BUILDING TEST & BALANCE CO. (3701161),08/11/2014,Active,Stock Corporation - CA - General,CALIFORNIA,PATRICK DRAYTON
"GREENLIGHT RESEARCH AND TESTING LABORATORY, LLC (201806410274)",02/16/2018,Active,Limited Liability Company - CA,CALIFORNIA,NORMAN JOHN HOFFMAN
"GREGG DRILLING & TESTING, INC. (1330655)",02/05/1985,Active,Stock Corporation - CA - General,CALIFORNIA,JOHN M GREGG
"GS TESTEQUIPMENT, INC. (3392406)",06/24/2011,Active,Stock Corporation - CA - General,CALIFORNIA,GREG SHLAEN
"GSI TESTING & INSPECTIONS, INC. (3010829)",07/27/2007,Active,Stock Corporation - CA - General,CALIFORNIA,ROBERT SCHULZE
"GXP COMPLIANCE AND TESTING, INC. (2700012)",02/24/2005,Active,Stock Corporation - CA - General,CALIFORNIA,BARBARA A FRANTZ
"H & H TESTING, INC. (3594748)",05/04/2011,Active,Stock Corporation - CA - General,CALIFORNIA,JEREMY KANE STANTON
HAMILTON TESTING SERVICES INC. (4610426),07/06/2020,Active,Stock Corporation - CA - General,CALIFORNIA,RICHARD L. BOYER
HAMMER INSPECTION & TESTING LLC (202134310329),12/07/2021,Active,Limited Liability Company - CA,CALIFORNIA,
"HAMMERED BY TESTA, LLC (201513310171)",05/11/2015,Active,Limited Liability Company - CA,CALIFORNIA,STEVEN TESTA
"HARBOR TESTING LABORATORY, INC. (2785942)",10/20/2005,Active,Stock Corporation - CA - General,CALIFORNIA,PAUL WEBSTER
"HART HIGH-VOLTAGE APPARATUS REPAIR AND TESTING CO., INC. (2062763)",12/09/1997,Active,Stock Corporation - CA - General,CALIFORNIA,JAMES MICHAEL WOLFGRAM
HC MATERIALS TESTING & INSPECTION LLC (202001710194),01/02/2020,Active,Limited Liability Company - CA,CALIFORNIA,LISA CORONA
"HCM CLOUD TESTING SERVICES, INC. (4217581)",12/05/2018,Active,Stock Corporation - CA - General,CALIFORNIA,RAMESH SELVARAJ
"HEALTHWAY CAL TEST MEDICAL LABORATORY, INC. (1792917)",10/28/1996,Active,Stock Corporation - CA - General,CALIFORNIA,JENNY YANG
"HELEN TESTER HOMES, INC. (1926169)",01/17/1995,Active,Nonprofit Corporation - CA - Public Benefit,CALIFORNIA,KIRK D MANN
"HELIUM LEAK TESTING, INC. (757532)",10/31/1975,Active,Stock Corporation - CA - General,CALIFORNIA,MICHAEL ALDEN MARKEL
"HEPADNAVIRUS TESTING, INC. (2069926)",02/18/1998,Active,Stock Corporation - CA - General,CALIFORNIA,PATRICIA LAY MARION
HERITAGE ENVIRONMENTAL TESTING & BUILDING SOLUTIONS LLC (201930510108),10/30/2019,Active,Limited Liability Company - CA,CALIFORNIA,ARA MARGARYAN
HIDATSA TESTING CORP (3882672),03/07/2016,Active,Stock Corporation - CA - General,CALIFORNIA,FRANK COLBERT
HIGH DESERT TEST SITES (3456434),02/17/2012,Active,Nonprofit Corporation - CA - Public Benefit,CALIFORNIA,DAVID KNAUS
"HIGH PERFORMANCE TEST, INC. (2060756)",11/14/1997,Active,Stock Corporation - CA - General,CALIFORNIA,JASDEEP DHALIWAL
High Stakes Testing Film (5019045),04/12/2022,Active,Stock Corporation - CA - General,CALIFORNIA,Dennis Spencer
"HIGH TEST, INC. (4685292)",12/31/2020,Active,Stock Corporation - CA - General,CALIFORNIA,NATALIE E HILL
"HIGH TEST, LLC (201629210127)",10/11/2016,Active,Limited Liability Company - Out of State,NEW YORK,JOSEPH BAXLEY
"HIGH VOLTAGE TESTING, INC. (2551068)",09/12/2003,Active,Stock Corporation - CA - General,CALIFORNIA,JIM WOLFGRAM
HLC COVID TESTING MANAGEMENT LLC (202135410163),12/16/2021,Active,Limited Liability Company - CA,CALIFORNIA,SHAWN BOLOUR
HOLLYWOOD COVID TESTING LLC (202018510151),07/01/2020,Active,Limited Liability Company - CA,CALIFORNIA,
HORIZON INSPECTION & TESTING INC (4208504),10/29/2018,Active,Stock Corporation - CA - General,CALIFORNIA,LUTHER BARGE
HYDRA TEST USA (4549712),01/06/2020,Active,Stock Corporation - CA - General,CALIFORNIA,REFAT ABODIA
HYUNDAI CERTIFICATION & TEST AMERICA LLC (201200510196),01/04/2012,Active,Limited Liability Company - CA,CALIFORNIA,KENT KIM
I TEST COVID INC. (4639667),09/14/2020,Active,Stock Corporation - CA - General,CALIFORNIA,SEAN MADDOCKS
"IAPMO RESEARCH AND TESTING, INC. (1915276)",10/24/1994,Active,Nonprofit Corporation - CA - Mutual Benefit,CALIFORNIA,MONTE H. BOGATZ
"IAPMO TESTING AND SERVICES, LLC (199915910069)",06/04/1999,Active,Limited Liability Company - Out of State,DELAWARE,KEN WIJAYA
"IGLESIA DE DIOS NEO TESTAMENTARIA EN ORDEN DIVINO, PUERTA DEL CIELO (1732487)",10/06/1993,Active,Nonprofit Corporation - CA - Religious,CALIFORNIA,MARIA VICTORIA LARA
IK TESTING LLC (202203410312),01/25/2022,Active,Limited Liability Company - Out of State,ILLINOIS,
"IMAGINEERING DESIGN, FABRICATION, TESTING (IDFT) LLC (202101310603)",01/09/2021,Active,Limited Liability Company - CA,CALIFORNIA,STEVEN H HICKEY
IMGAS LAB & TESTING LLC (202022010505),08/05/2020,Active,Limited Liability Company - CA,CALIFORNIA,DAVID TUNG
"IMPACT HEALTH BIOMETRIC TESTING, INC. (2875594)",04/03/2006,Active,Stock Corporation - Out of State - Stock,PENNSYLVANIA,COGENCY GLOBAL INC.
IN & OUT SMOG TEST SA (4693327),01/27/2021,Active,Stock Corporation - CA - General,CALIFORNIA,TAC DO
"IN AND GO TEST ONLY, LLC (200503410025)",12/27/2004,Active,Limited Liability Company - CA,CALIFORNIA,JOSE WENCESLAO RIVERA
INDEPENDENT DIAGNOSTIC TESTS INC (3411188),09/08/2011,Active,Stock Corporation - CA - General,CALIFORNIA,FRED SUFFICOOL
"INDEPENDENT FLOOR TESTING & INSPECTION, INC. (2000446)",01/31/1997,Active,Stock Corporation - CA - General,CALIFORNIA,LEE ELISEIAN
"INDEPENDENT TESTING LABORATORIES, INC. (956125)",04/07/1980,Active,Stock Corporation - CA - General,CALIFORNIA,DWIGHT MANSFIELD
"INDUSTRIAL TESTS, INC. (2011843)",05/23/1997,Active,Stock Corporation - CA - General,CALIFORNIA,GREG POOLE
"INFOCUS TEST PREP, INC. (3933797)",08/05/2016,Active,Stock Corporation - CA - General,CALIFORNIA,BARRY PETERS
"INNOVATIVE ELECTRICAL TESTING AND CONSTRUCTION, LLC (201523910256)",08/24/2015,Active,Limited Liability Company - Out of State,PENNSYLVANIA,
"INSPEC TESTING, INC. (2293243)",01/01/2003,Active,Stock Corporation - CA - General,CALIFORNIA,WILLIAM H SAULS
INSTITUTE FOR VASCULAR TESTING INCORPORATED (3486865),06/21/2012,Active,Stock Corporation - CA - General,CALIFORNIA,POLYXENE KOKINOS
"INTEGRATED CHIP TESTING, INC. (3078327)",03/04/2008,Active,Stock Corporation - CA - General,CALIFORNIA,"JAVDAN LAW GROUP, A PROFESSIONAL CORPORATION"
"INTERNATIONAL FLIGHT TEST INSTITUTE, INC. (3431714)",12/07/2011,Active,Stock Corporation - CA - General,CALIFORNIA,KIRK TRACEY
INTERNATIONAL TEST INSTRUMENTS CORPORATION (3382991),05/18/2011,Active,Stock Corporation - CA - General,CALIFORNIA,JOHN GULBRANDSON
INTERNATIONAL TESTWARE CORPORATION (2132258),01/15/1999,Active,Stock Corporation - CA - General,CALIFORNIA,ANDREW HUY LA
"INTERTEK TESTING SERVICES, NA, INC. (760600)",12/29/1975,Active,Stock Corporation - Out of State - Stock,NEW YORK,CORPORATION SERVICE COMPANY WHICH WILL DO BUSINESS IN CALIFORNIA AS CSC - LAWYERS INCORPORATING SERVICE
"IRRI-CARE PLUMBING AND BACKFLOW TESTING, INC. (3648402)",02/18/2014,Active,Stock Corporation - CA - General,CALIFORNIA,PHILLIP LAWRENCE SALVADOR
J & A DRUG TESTING INC (4690344),01/20/2021,Active,Stock Corporation - CA - General,CALIFORNIA,ROXANNA BERNAL
J&J TESTING ASSOCIATES LLC (202114810167),05/26/2021,Active,Limited Liability Company - CA,CALIFORNIA,JOHN E. TIEDT JHUSK@TIEDTLAW.COM
"JACKSON ELECTRICAL TESTING SERVICES, LLC (200813410040)",05/13/2008,Active,Limited Liability Company - CA,CALIFORNIA,MARK JACKSON
JAMIE TESTA LLC (202202610521),01/23/2022,Active,Limited Liability Company - CA,CALIFORNIA,JAMIE TESTA
JB TEST ONLY CORPORATION (4303435),07/31/2019,Active,Stock Corporation - CA - General,CALIFORNIA,JOCELYN RAYAN HALL
"JB TESTING GROUP, A CALIFORNIA CORPORATION (1767706)",07/31/1995,Active,Stock Corporation - CA - General,CALIFORNIA,JACK W JACKSON
"JDS TANK TESTING & REPAIR, INC. (2865013)",01/20/2006,Active,Stock Corporation - CA - General,CALIFORNIA,SHIRLEY AMIRA
JEN TEST 12345 (4575945),03/25/2020,Active,Stock Corporation - CA - General,CALIFORNIA,JEN TEST
JMS TEST SOLUTIONS LLC (201927310512),09/25/2019,Active,Limited Liability Company - CA,CALIFORNIA,
"JOINT CONCEPT MAINTENANCE & TESTING, L.L.C. (201629810171)",10/17/2016,Active,Limited Liability Company - CA,CALIFORNIA,TIMOTHY CHARLES WALLER
JST DRUG TESTING INC (4201628),10/05/2018,Active,Stock Corporation - CA - General,CALIFORNIA,PRIYANKA TUMBER
JULIA O TEST CO LLC (202121510605),07/31/2021,Active,Limited Liability Company - CA,CALIFORNIA,JULIA O TEST
JUPITER FLIGHT TEST LLC (201915110218),05/25/2019,Active,Limited Liability Company - CA,CALIFORNIA,
JUST VISITING COVID TESTING LLC (202134810641),12/11/2021,Active,Limited Liability Company - CA,CALIFORNIA,KYRA JACKSON
K M TEST ONLY SMOG CHECK INC (3546864),02/14/2013,Active,Stock Corporation - CA - General,CALIFORNIA,JAMES PATTEN
K.D. INSPECTION & TESTING INC. (2298008),08/25/2003,Active,Stock Corporation - CA - General,CALIFORNIA,MATT KREPELIN
KADES HEALTHY PRODUCTS AND TESTING LLC (201826410638),09/17/2018,Active,Limited Liability Company - CA,CALIFORNIA,JOSHUA KADING
